year,region_code,region_name,region_display,sector_id,sector_name,axis,value,region_total,share
2013,01,Tarapaca,Tarapacá,03,Minería,resource_rent,1259.715213225,3297.6334691207,0.3820058308544818
2013,01,Tarapaca,Tarapacá,06,Construcción,construction,271.91341009325,3297.6334691207,0.08245713559116519
2013,01,Tarapaca,Tarapacá,10,Servicios de vivienda e inmobiliarios,spatial_rent,159.37917606401,3297.6334691207,0.048331379929409744
2013,02,Antofagasta,Antofagasta,03,Minería,resource_rent,7301.675747312,12453.775164684,0.5863021975872704
2013,02,Antofagasta,Antofagasta,06,Construcción,construction,1125.6856465058,12453.775164684,0.09038910945638248
2013,02,Antofagasta,Antofagasta,10,Servicios de vivienda e inmobiliarios,spatial_rent,318.25470388383,12453.775164684,0.025554877912548644
2013,03,Atacama,Atacama,03,Minería,resource_rent,1239.9751316804,3207.1304287475,0.3866307152854569
2013,03,Atacama,Atacama,06,Construcción,construction,510.48699588626,3207.1304287475,0.15917250864213325
2013,03,Atacama,Atacama,10,Servicios de vivienda e inmobiliarios,spatial_rent,146.9946713867,3207.1304287475,0.04583370544244024
2013,04,Coquimbo,Coquimbo,03,Minería,resource_rent,1309.3260882767,4543.3565110835,0.2881847561560719
2013,04,Coquimbo,Coquimbo,06,Construcción,construction,471.90674650321,4543.3565110835,0.10386742606528794
2013,04,Coquimbo,Coquimbo,10,Servicios de vivienda e inmobiliarios,spatial_rent,334.37682133671,4543.3565110835,0.07359687062219289
2013,05,Valparaiso,Valparaíso,03,Minería,resource_rent,1004.4928535286,11069.531959067,0.09074393183406682
2013,05,Valparaiso,Valparaíso,06,Construcción,construction,759.79099179888,11069.531959067,0.06863804130187626
2013,05,Valparaiso,Valparaíso,10,Servicios de vivienda e inmobiliarios,spatial_rent,1053.4047053247,11069.531959067,0.09516253344947084
2013,06,OHiggins,O'Higgins,03,Minería,resource_rent,965.54990126493,5523.3397441326,0.17481269412960265
2013,06,OHiggins,O'Higgins,06,Construcción,construction,387.95780797087,5523.3397441326,0.07023971472748794
2013,06,OHiggins,O'Higgins,10,Servicios de vivienda e inmobiliarios,spatial_rent,413.89911046592,5523.3397441326,0.0749363844412435
2013,07,Maule,Maule,03,Minería,resource_rent,13.508262655896,4752.9949180299,0.0028420528296073016
2013,07,Maule,Maule,06,Construcción,construction,361.95487296006,4752.9949180299,0.07615301072320294
2013,07,Maule,Maule,10,Servicios de vivienda e inmobiliarios,spatial_rent,434.09607468993,4752.9949180299,0.09133106224103882
2013,08,Biobio,Biobío,03,Minería,resource_rent,25.523042233794,7756.0398861064,0.0032907311732001407
2013,08,Biobio,Biobío,06,Construcción,construction,561.67407849451,7756.0398861064,0.07241763667314961
2013,08,Biobio,Biobío,10,Servicios de vivienda e inmobiliarios,spatial_rent,692.93474772573,7756.0398861064,0.08934130792274576
2013,09,Araucania,La Araucanía,03,Minería,resource_rent,10.087058792409,3507.2293274602,0.0028760761987907013
2013,09,Araucania,La Araucanía,06,Construcción,construction,286.86094869914,3507.2293274602,0.08179132925615493
2013,09,Araucania,La Araucanía,10,Servicios de vivienda e inmobiliarios,spatial_rent,373.23593154693,3507.2293274602,0.10641902672991534
2013,10,Los_Lagos,Los Lagos,03,Minería,resource_rent,7.1114735687072,3754.2016992901,0.0018942705103063436
2013,10,Los_Lagos,Los Lagos,06,Construcción,construction,236.3535387448,3754.2016992901,0.06295706988505526
2013,10,Los_Lagos,Los Lagos,10,Servicios de vivienda e inmobiliarios,spatial_rent,321.34718609746,3754.2016992901,0.08559667589469822
2013,11,Aysen,Aysén,03,Minería,resource_rent,120.2717526445,718.79218918357,0.16732479074530424
2013,11,Aysen,Aysén,06,Construcción,construction,40.052520434836,718.79218918357,0.05572197505419346
2013,11,Aysen,Aysén,10,Servicios de vivienda e inmobiliarios,spatial_rent,47.555437469623,718.79218918357,0.06616020344299814
2013,12,Magallanes,Magallanes,03,Minería,resource_rent,124.36897920652,1242.1568446666,0.10012341013175445
2013,12,Magallanes,Magallanes,06,Construcción,construction,99.28518077997,1242.1568446666,0.07992966524820669
2013,12,Magallanes,Magallanes,10,Servicios de vivienda e inmobiliarios,spatial_rent,109.82614687248,1242.1568446666,0.08841568385187121
2013,13,Metropolitana,Metropolitana de Santiago,03,Minería,resource_rent,818.62867682478,57335.76182851,0.01427780238227723
2013,13,Metropolitana,Metropolitana de Santiago,06,Construcción,construction,3225.9109866721,57335.76182851,0.056263506122421966
2013,13,Metropolitana,Metropolitana de Santiago,10,Servicios de vivienda e inmobiliarios,spatial_rent,4667.679697357,57335.76182851,0.08140956967342523
2013,14,Los_Rios,Los Ríos,03,Minería,resource_rent,3.4121099522995,1648.2254363175,0.0020701718812948964
2013,14,Los_Rios,Los Ríos,06,Construcción,construction,103.81234648919,1648.2254363175,0.06298431282624162
2013,14,Los_Rios,Los Ríos,10,Servicios de vivienda e inmobiliarios,spatial_rent,145.28898245218,1648.2254363175,0.0881487321156672
2013,15,Arica_y_Parinacota,Arica y Parinacota,03,Minería,resource_rent,48.318970714461,1032.0355124809,0.0468190969497818
2013,15,Arica_y_Parinacota,Arica y Parinacota,06,Construcción,construction,65.287062019689,1032.0355124809,0.06326048011928008
2013,15,Arica_y_Parinacota,Arica y Parinacota,10,Servicios de vivienda e inmobiliarios,spatial_rent,103.5789520748,1032.0355124809,0.1003637479739506
2013,16,Nuble,Ñuble,03,Minería,resource_rent,5.5772407285224,1833.9256757877,0.0030411487238308542
2013,16,Nuble,Ñuble,06,Construcción,construction,131.5928010807,1833.9256757877,0.07175470784778605
2013,16,Nuble,Ñuble,10,Servicios de vivienda e inmobiliarios,spatial_rent,192.39530760572,1833.9256757877,0.10490899939174644
2014,01,Tarapaca,Tarapacá,03,Minería,resource_rent,1409.6880135868,3531.5861995437,0.3991656819162277
2014,01,Tarapaca,Tarapacá,06,Construcción,construction,225.6854447018,3531.5861995437,0.06390483820866663
2014,01,Tarapaca,Tarapacá,10,Servicios de vivienda e inmobiliarios,spatial_rent,173.61720579708,3531.5861995437,0.04916125389195152
2014,02,Antofagasta,Antofagasta,03,Minería,resource_rent,7936.6601526192,13581.974506349,0.584352455448149
2014,02,Antofagasta,Antofagasta,06,Construcción,construction,1419.3007686364,13581.974506349,0.10449885382813351
2014,02,Antofagasta,Antofagasta,10,Servicios de vivienda e inmobiliarios,spatial_rent,347.45318204227,13581.974506349,0.025581934488232934
2014,03,Atacama,Atacama,03,Minería,resource_rent,1356.7987547375,3310.1132186688,0.40989496887455473
2014,03,Atacama,Atacama,06,Construcción,construction,427.31241012045,3310.1132186688,0.12909298923989632
2014,03,Atacama,Atacama,10,Servicios de vivienda e inmobiliarios,spatial_rent,160.47589315628,3310.1132186688,0.04848048467079842
2014,04,Coquimbo,Coquimbo,03,Minería,resource_rent,1124.0822165017,4606.1376407571,0.24404008394263646
2014,04,Coquimbo,Coquimbo,06,Construcción,construction,491.8011968865,4606.1376407571,0.10677084256771446
2014,04,Coquimbo,Coquimbo,10,Servicios de vivienda e inmobiliarios,spatial_rent,367.46052288958,4606.1376407571,0.07977627929268336
2014,05,Valparaiso,Valparaíso,03,Minería,resource_rent,913.73908783219,11379.803224164,0.08029480561596587
2014,05,Valparaiso,Valparaíso,06,Construcción,construction,791.36943770504,11379.803224164,0.06954157485119228
2014,05,Valparaiso,Valparaíso,10,Servicios de vivienda e inmobiliarios,spatial_rent,1155.0523508221,11379.803224164,0.10150020418362324
2014,06,OHiggins,O'Higgins,03,Minería,resource_rent,1127.1151408808,6107.5150394054,0.18454561857133484
2014,06,OHiggins,O'Higgins,06,Construcción,construction,409.66907302565,6107.5150394054,0.0670762282831044
2014,06,OHiggins,O'Higgins,10,Servicios de vivienda e inmobiliarios,spatial_rent,454.98056815193,6107.5150394054,0.07449520225761488
2014,07,Maule,Maule,03,Minería,resource_rent,14.872115241751,5129.8095438896,0.00289915543930203
2014,07,Maule,Maule,06,Construcción,construction,352.9843660254,5129.8095438896,0.06881042327309388
2014,07,Maule,Maule,10,Servicios de vivienda e inmobiliarios,spatial_rent,477.74317170716,5129.8095438896,0.09313078148802353
2014,08,Biobio,Biobío,03,Minería,resource_rent,28.54339770194,8593.5175333628,0.003321503399641107
2014,08,Biobio,Biobío,06,Construcción,construction,564.37867451195,8593.5175333628,0.06567493140275218
2014,08,Biobio,Biobío,10,Servicios de vivienda e inmobiliarios,spatial_rent,763.66422272662,8593.5175333628,0.08886514977851966
2014,09,Araucania,La Araucanía,03,Minería,resource_rent,11.271624347986,3783.63446684,0.002979046852113013
2014,09,Araucania,La Araucanía,06,Construcción,construction,298.70940494951,3783.63446684,0.078947743913271
2014,09,Araucania,La Araucanía,10,Servicios de vivienda e inmobiliarios,spatial_rent,410.00189748589,3783.63446684,0.10836192054998212
2014,10,Los_Lagos,Los Lagos,03,Minería,resource_rent,7.9753924730636,4544.1917894923,0.001755073914684981
2014,10,Los_Lagos,Los Lagos,06,Construcción,construction,257.41281321853,4544.1917894923,0.056646555678779895
2014,10,Los_Lagos,Los Lagos,10,Servicios de vivienda e inmobiliarios,spatial_rent,352.84894753365,4544.1917894923,0.07764833965625206
2014,11,Aysen,Aysén,03,Minería,resource_rent,90.856470174476,1023.634034801,0.08875874295459411
2014,11,Aysen,Aysén,06,Construcción,construction,48.397249153666,1023.634034801,0.04727983586739053
2014,11,Aysen,Aysén,10,Servicios de vivienda e inmobiliarios,spatial_rent,51.952016325424,1023.634034801,0.05075252928213134
2014,12,Magallanes,Magallanes,03,Minería,resource_rent,147.65696820484,1416.664904071,0.10422857782424445
2014,12,Magallanes,Magallanes,06,Construcción,construction,90.533733953954,1416.664904071,0.06390624465516982
2014,12,Magallanes,Magallanes,10,Servicios de vivienda e inmobiliarios,spatial_rent,122.2248541302,1416.664904071,0.08627647496522889
2014,13,Metropolitana,Metropolitana de Santiago,03,Minería,resource_rent,833.80815942002,61124.647892845,0.01364111186180955
2014,13,Metropolitana,Metropolitana de Santiago,06,Construcción,construction,3350.2433976142,61124.647892845,0.0548100236665145
2014,13,Metropolitana,Metropolitana de Santiago,10,Servicios de vivienda e inmobiliarios,spatial_rent,5095.9140301575,61124.647892845,0.08336921693341985
2014,14,Los_Rios,Los Ríos,03,Minería,resource_rent,3.874581365949,1833.9195650061,0.002112732444694821
2014,14,Los_Rios,Los Ríos,06,Construcción,construction,126.48249173715,1833.9195650061,0.06896839651565051
2014,14,Los_Rios,Los Ríos,10,Servicios de vivienda e inmobiliarios,spatial_rent,158.7613314046,1833.9195650061,0.08656940818670635
2014,15,Arica_y_Parinacota,Arica y Parinacota,03,Minería,resource_rent,51.777875940454,1108.13184599,0.04672537489814299
2014,15,Arica_y_Parinacota,Arica y Parinacota,06,Construcción,construction,74.174688613574,1108.13184599,0.06693669970950673
2014,15,Arica_y_Parinacota,Arica y Parinacota,10,Servicios de vivienda e inmobiliarios,spatial_rent,112.79446500915,1108.13184599,0.10178794645900635
2014,16,Nuble,Ñuble,03,Minería,resource_rent,6.1107835403425,1999.7898645384,0.003055712826983958
2014,16,Nuble,Ñuble,06,Construcción,construction,128.16656209549,1999.7898645384,0.0640900148401712
2014,16,Nuble,Ñuble,10,Servicios de vivienda e inmobiliarios,spatial_rent,211.94362700299,1999.7898645384,0.10598294888943831
2015,01,Tarapaca,Tarapacá,03,Minería,resource_rent,1141.9958661479,3527.7996478631,0.32371335680574803
2015,01,Tarapaca,Tarapacá,06,Construcción,construction,309.92509097,3527.7996478631,0.0878522370616289
2015,01,Tarapaca,Tarapacá,10,Servicios de vivienda e inmobiliarios,spatial_rent,195.35180599845,3527.7996478631,0.05537497179489226
2015,02,Antofagasta,Antofagasta,03,Minería,resource_rent,6860.168529024,13089.19623155,0.524109227768192
2015,02,Antofagasta,Antofagasta,06,Construcción,construction,1502.7303149365,13089.19623155,0.11480692078817961
2015,02,Antofagasta,Antofagasta,10,Servicios de vivienda e inmobiliarios,spatial_rent,385.14420595847,13089.19623155,0.029424587968978896
2015,03,Atacama,Atacama,03,Minería,resource_rent,1067.9459283454,3045.7686738344,0.3506326457159776
2015,03,Atacama,Atacama,06,Construcción,construction,315.44712587622,3045.7686738344,0.10356897048228392
2015,03,Atacama,Atacama,10,Servicios de vivienda e inmobiliarios,spatial_rent,176.63805362863,3045.7686738344,0.0579945729779457
2015,04,Coquimbo,Coquimbo,03,Minería,resource_rent,855.23827718192,4709.6043366196,0.18159450689562218
2015,04,Coquimbo,Coquimbo,06,Construcción,construction,545.53948093732,4709.6043366196,0.11583552288999514
2015,04,Coquimbo,Coquimbo,10,Servicios de vivienda e inmobiliarios,spatial_rent,414.27041764762,4709.6043366196,0.0879628920048451
2015,05,Valparaiso,Valparaíso,03,Minería,resource_rent,742.13634489659,12252.136712457,0.06057199346641673
2015,05,Valparaiso,Valparaíso,06,Construcción,construction,924.15810925821,12252.136712457,0.07542832168356392
2015,05,Valparaiso,Valparaíso,10,Servicios de vivienda e inmobiliarios,spatial_rent,1293.414365183,12252.136712457,0.10556643265888135
2015,06,OHiggins,O'Higgins,03,Minería,resource_rent,944.37086025757,6685.7881944618,0.1412504902622915
2015,06,OHiggins,O'Higgins,06,Construcción,construction,538.41980153209,6685.7881944618,0.08053198603839891
2015,06,OHiggins,O'Higgins,10,Servicios de vivienda e inmobiliarios,spatial_rent,516.83185686527,6685.7881944618,0.07730305565069945
2015,07,Maule,Maule,03,Minería,resource_rent,14.338360818709,6019.7876089207,0.002381871546009537
2015,07,Maule,Maule,06,Construcción,construction,469.05769869421,6019.7876089207,0.0779193103090739
2015,07,Maule,Maule,10,Servicios de vivienda e inmobiliarios,spatial_rent,542.7551200563,6019.7876089207,0.09016183880839804
2015,08,Biobio,Biobío,03,Minería,resource_rent,27.244639068686,9662.2654908278,0.002819694728379054
2015,08,Biobio,Biobío,06,Construcción,construction,670.80963177366,9662.2654908278,0.06942570895101635
2015,08,Biobio,Biobío,10,Servicios de vivienda e inmobiliarios,spatial_rent,863.88970531041,9662.2654908278,0.08940860775668849
2015,09,Araucania,La Araucanía,03,Minería,resource_rent,11.603074027011,4240.3171183464,0.0027363694042618824
2015,09,Araucania,La Araucanía,06,Construcción,construction,350.72533461996,4240.3171183464,0.08271205309208869
2015,09,Araucania,La Araucanía,10,Servicios de vivienda e inmobiliarios,spatial_rent,457.66273279189,4240.3171183464,0.10793125137073831
2015,10,Los_Lagos,Los Lagos,03,Minería,resource_rent,8.2179278464575,4765.304112855,0.0017245337657020917
2015,10,Los_Lagos,Los Lagos,06,Construcción,construction,300.03710272071,4765.304112855,0.06296284468211012
2015,10,Los_Lagos,Los Lagos,10,Servicios de vivienda e inmobiliarios,spatial_rent,399.60534616925,4765.304112855,0.08385726004165504
2015,11,Aysen,Aysén,03,Minería,resource_rent,82.859924837456,822.85235906241,0.10069841074754872
2015,11,Aysen,Aysén,06,Construcción,construction,62.513566018421,822.85235906241,0.07597178926442089
2015,11,Aysen,Aysén,10,Servicios de vivienda e inmobiliarios,spatial_rent,58.346050005907,822.85235906241,0.07090707022142922
2015,12,Magallanes,Magallanes,03,Minería,resource_rent,57.732725343212,1485.5861513141,0.03886191675396513
2015,12,Magallanes,Magallanes,06,Construcción,construction,123.90135928856,1485.5861513141,0.08340233865195969
2015,12,Magallanes,Magallanes,10,Servicios de vivienda e inmobiliarios,spatial_rent,136.52063529718,1485.5861513141,0.0918968147195088
2015,13,Metropolitana,Metropolitana de Santiago,03,Minería,resource_rent,712.52257377555,66682.844489474,0.010685245646472429
2015,13,Metropolitana,Metropolitana de Santiago,06,Construcción,construction,3813.1140435223,66682.844489474,0.057182834246433605
2015,13,Metropolitana,Metropolitana de Santiago,10,Servicios de vivienda e inmobiliarios,spatial_rent,5681.8338275011,66682.844489474,0.08520683049743008
2015,14,Los_Rios,Los Ríos,03,Minería,resource_rent,4.1002114101685,2058.1895608628,0.001992144692663623
2015,14,Los_Rios,Los Ríos,06,Construcción,construction,150.19233977383,2058.1895608628,0.07297303544328
2015,14,Los_Rios,Los Ríos,10,Servicios de vivienda e inmobiliarios,spatial_rent,180.43196071844,2058.1895608628,0.08766537550739607
2015,15,Arica_y_Parinacota,Arica y Parinacota,03,Minería,resource_rent,64.001161984162,1224.6556072269,0.05226053888659008
2015,15,Arica_y_Parinacota,Arica y Parinacota,06,Construcción,construction,95.065462715381,1224.6556072269,0.07762628297652305
2015,15,Arica_y_Parinacota,Arica y Parinacota,10,Servicios de vivienda e inmobiliarios,spatial_rent,123.63937682036,1224.6556072269,0.10095848668861933
2015,16,Nuble,Ñuble,03,Minería,resource_rent,5.8520661951423,2269.1919348352,0.0025789207626314373
2015,16,Nuble,Ñuble,06,Construcción,construction,140.89101113713,2269.1919348352,0.06208862678130495
2015,16,Nuble,Ñuble,10,Servicios de vivienda e inmobiliarios,spatial_rent,240.69352264693,2269.1919348352,0.1060701472413837
2016,01,Tarapaca,Tarapacá,03,Minería,resource_rent,1123.2966029807,3528.3818913245,0.3183602675613529
2016,01,Tarapaca,Tarapacá,06,Construcción,construction,286.7272385875,3528.3818913245,0.08126309663148934
2016,01,Tarapaca,Tarapacá,10,Servicios de vivienda e inmobiliarios,spatial_rent,212.83062173374,3528.3818913245,0.060319610600270565
2016,02,Antofagasta,Antofagasta,03,Minería,resource_rent,6781.3309525903,13008.013908415,0.5213194727754247
2016,02,Antofagasta,Antofagasta,06,Construcción,construction,1315.830067171,13008.013908415,0.10115533981092824
2016,02,Antofagasta,Antofagasta,10,Servicios de vivienda e inmobiliarios,spatial_rent,412.95887297691,13008.013908415,0.031746496881415794
2016,03,Atacama,Atacama,03,Minería,resource_rent,1202.9993919468,3389.7288151695,0.3548954673197493
2016,03,Atacama,Atacama,06,Construcción,construction,400.38765929057,3389.7288151695,0.118117902971701
2016,03,Atacama,Atacama,10,Servicios de vivienda e inmobiliarios,spatial_rent,189.98083119714,3389.7288151695,0.05604602655733101
2016,04,Coquimbo,Coquimbo,03,Minería,resource_rent,810.615646235,4978.6213383557,0.16281930099603112
2016,04,Coquimbo,Coquimbo,06,Construcción,construction,553.57119780251,4978.6213383557,0.11118965677059088
2016,04,Coquimbo,Coquimbo,10,Servicios de vivienda e inmobiliarios,spatial_rent,456.00709950174,4978.6213383557,0.09159304725358898
2016,05,Valparaiso,Valparaíso,03,Minería,resource_rent,675.86174470042,13103.560170777,0.05157848217522578
2016,05,Valparaiso,Valparaíso,06,Construcción,construction,1031.9654058588,13103.560170777,0.07875458214480101
2016,05,Valparaiso,Valparaíso,10,Servicios de vivienda e inmobiliarios,spatial_rent,1424.3356271608,13103.560170777,0.1086983696489823
2016,06,OHiggins,O'Higgins,03,Minería,resource_rent,1018.6569037483,7141.7707639018,0.14263366011369594
2016,06,OHiggins,O'Higgins,06,Construcción,construction,501.12226546189,7141.7707639018,0.07016778919799847
2016,06,OHiggins,O'Higgins,10,Servicios de vivienda e inmobiliarios,spatial_rent,575.76681386609,7141.7707639018,0.08061961562478497
2016,07,Maule,Maule,03,Minería,resource_rent,17.406666025908,6391.3763200146,0.002723461294463136
2016,07,Maule,Maule,06,Construcción,construction,515.94866653534,6391.3763200146,0.080725753061926
2016,07,Maule,Maule,10,Servicios de vivienda e inmobiliarios,spatial_rent,607.56922436105,6391.3763200146,0.09506078095549568
2016,08,Biobio,Biobío,03,Minería,resource_rent,30.919716221775,10074.592522047,0.0030690785909316953
2016,08,Biobio,Biobío,06,Construcción,construction,755.12405570485,10074.592522047,0.07495330992815386
2016,08,Biobio,Biobío,10,Servicios de vivienda e inmobiliarios,spatial_rent,952.15382085438,10074.592522047,0.09451040513754864
2016,09,Araucania,La Araucanía,03,Minería,resource_rent,14.077626069645,4693.2914566221,0.0029995209544853374
2016,09,Araucania,La Araucanía,06,Construcción,construction,422.59841906956,4693.2914566221,0.09004308020830153
2016,09,Araucania,La Araucanía,10,Servicios de vivienda e inmobiliarios,spatial_rent,508.36273471771,4693.2914566221,0.10831689005813282
2016,10,Los_Lagos,Los Lagos,03,Minería,resource_rent,9.584287176062,5448.950906789,0.0017589233854393273
2016,10,Los_Lagos,Los Lagos,06,Construcción,construction,355.55597275918,5448.950906789,0.06525218869492527
2016,10,Los_Lagos,Los Lagos,10,Servicios de vivienda e inmobiliarios,spatial_rent,442.30297251819,5448.950906789,0.08117213388124168
2016,11,Aysen,Aysén,03,Minería,resource_rent,60.495019041909,1057.3469955446,0.05721396977228868
2016,11,Aysen,Aysén,06,Construcción,construction,70.790036833984,1057.3469955446,0.06695061993108771
2016,11,Aysen,Aysén,10,Servicios de vivienda e inmobiliarios,spatial_rent,64.461755546719,1057.3469955446,0.060965563640266604
2016,12,Magallanes,Magallanes,03,Minería,resource_rent,55.81356859516,1681.1279867701,0.03320007104419986
2016,12,Magallanes,Magallanes,06,Construcción,construction,130.4055392113,1681.1279867701,0.07757026248896386
2016,12,Magallanes,Magallanes,10,Servicios de vivienda e inmobiliarios,spatial_rent,147.68019294524,1681.1279867701,0.08784589520097959
2016,13,Metropolitana,Metropolitana de Santiago,03,Minería,resource_rent,601.98891314741,71215.441840102,0.008453067166233955
2016,13,Metropolitana,Metropolitana de Santiago,06,Construcción,construction,4261.8196285014,71215.441840102,0.05984403829257063
2016,13,Metropolitana,Metropolitana de Santiago,10,Servicios de vivienda e inmobiliarios,spatial_rent,6121.0568053381,71215.441840102,0.08595125786176452
2016,14,Los_Rios,Los Ríos,03,Minería,resource_rent,4.8244354980091,2210.4206424029,0.0021825870630508416
2016,14,Los_Rios,Los Ríos,06,Construcción,construction,163.34907104245,2210.4206424029,0.07389954106874283
2016,14,Los_Rios,Los Ríos,10,Servicios de vivienda e inmobiliarios,spatial_rent,200.73657098626,2210.4206424029,0.09081374247756015
2016,15,Arica_y_Parinacota,Arica y Parinacota,03,Minería,resource_rent,71.617807068978,1294.4838891341,0.055325375363987135
2016,15,Arica_y_Parinacota,Arica y Parinacota,06,Construcción,construction,103.54178814148,1294.4838891341,0.07998692684444351
2016,15,Arica_y_Parinacota,Arica y Parinacota,10,Servicios de vivienda e inmobiliarios,spatial_rent,132.70617469187,1294.4838891341,0.10251666768957562
2016,16,Nuble,Ñuble,03,Minería,resource_rent,6.7786001522934,2489.4432237812,0.0027229382407835865
2016,16,Nuble,Ñuble,06,Construcción,construction,152.3491018198,2489.4432237812,0.06119806242795042
2016,16,Nuble,Ñuble,10,Servicios de vivienda e inmobiliarios,spatial_rent,265.49710273298,2489.4432237812,0.10664918974521465
2017,01,Tarapaca,Tarapacá,03,Minería,resource_rent,1458.1280036612,4058.7740525809,0.3592533077159107
2017,01,Tarapaca,Tarapacá,06,Construcción,construction,312.00765446335,4058.7740525809,0.07687238816976029
2017,01,Tarapaca,Tarapacá,10,Servicios de vivienda e inmobiliarios,spatial_rent,233.97426683199,4058.7740525809,0.057646536565200045
2017,02,Antofagasta,Antofagasta,03,Minería,resource_rent,8798.7808221557,14902.392356899,0.5904274032942329
2017,02,Antofagasta,Antofagasta,06,Construcción,construction,1159.6612417188,14902.392356899,0.07781711915415647
2017,02,Antofagasta,Antofagasta,10,Servicios de vivienda e inmobiliarios,spatial_rent,448.32372186044,14902.392356899,0.03008401007861603
2017,03,Atacama,Atacama,03,Minería,resource_rent,1543.5610400499,3775.2275232607,0.40886569896500213
2017,03,Atacama,Atacama,06,Construcción,construction,396.25743523657,3775.2275232607,0.10496253081306176
2017,03,Atacama,Atacama,10,Servicios de vivienda e inmobiliarios,spatial_rent,208.42545323535,3775.2275232607,0.05520871310435112
2017,04,Coquimbo,Coquimbo,03,Minería,resource_rent,1079.059481798,5485.996782114,0.1966934222994914
2017,04,Coquimbo,Coquimbo,06,Construcción,construction,579.25365000077,5485.996782114,0.10558767586034888
2017,04,Coquimbo,Coquimbo,10,Servicios de vivienda e inmobiliarios,spatial_rent,510.32748692929,5485.996782114,0.09302365772307981
2017,05,Valparaiso,Valparaíso,03,Minería,resource_rent,935.76083323569,13790.408741495,0.06785591716509523
2017,05,Valparaiso,Valparaíso,06,Construcción,construction,1085.8274064457,13790.408741495,0.07873786968898695
2017,05,Valparaiso,Valparaíso,10,Servicios de vivienda e inmobiliarios,spatial_rent,1568.6807900319,13790.408741495,0.11375158049607174
2017,06,OHiggins,O'Higgins,03,Minería,resource_rent,1266.0249058551,7487.0401256534,0.1690955149976057
2017,06,OHiggins,O'Higgins,06,Construcción,construction,501.43779404021,7487.0401256534,0.06697410266603175
2017,06,OHiggins,O'Higgins,10,Servicios de vivienda e inmobiliarios,spatial_rent,641.01881552185,7487.0401256534,0.08561712035247145
2017,07,Maule,Maule,03,Minería,resource_rent,19.585000137953,6506.6656581758,0.003009990241828996
2017,07,Maule,Maule,06,Construcción,construction,514.15556696707,6506.6656581758,0.079019822744545
2017,07,Maule,Maule,10,Servicios de vivienda e inmobiliarios,spatial_rent,684.49223735881,6506.6656581758,0.10519861835819506
2017,08,Biobio,Biobío,03,Minería,resource_rent,33.969527714081,10474.599022774,0.003243038481971868
2017,08,Biobio,Biobío,06,Construcción,construction,749.57001362677,10474.599022774,0.07156073583313746
2017,08,Biobio,Biobío,10,Servicios de vivienda e inmobiliarios,spatial_rent,1056.0909100537,10474.599022774,0.10082399409824991
2017,09,Araucania,La Araucanía,03,Minería,resource_rent,15.203896260446,4924.5797323208,0.0030873489895311087
2017,09,Araucania,La Araucanía,06,Construcción,construction,401.38702442654,4924.5797323208,0.08150685870556083
2017,09,Araucania,La Araucanía,10,Servicios de vivienda e inmobiliarios,spatial_rent,568.49499505782,4924.5797323208,0.11544030677921549
2017,10,Los_Lagos,Los Lagos,03,Minería,resource_rent,10.883362418644,6243.5495520006,0.0017431370293452193
2017,10,Los_Lagos,Los Lagos,06,Construcción,construction,374.22073109495,6243.5495520006,0.059937176437566624
2017,10,Los_Lagos,Los Lagos,10,Servicios de vivienda e inmobiliarios,spatial_rent,490.50124692879,6243.5495520006,0.07856128038122487
2017,11,Aysen,Aysén,03,Minería,resource_rent,42.479842806761,1271.5371201859,0.033408260075451356
2017,11,Aysen,Aysén,06,Construcción,construction,76.44090147588,1271.5371201859,0.060116924832445524
2017,11,Aysen,Aysén,10,Servicios de vivienda e inmobiliarios,spatial_rent,71.830670156166,1271.5371201859,0.056491209745936695
2017,12,Magallanes,Magallanes,03,Minería,resource_rent,79.895900285953,1833.0274102818,0.043586855187108316
2017,12,Magallanes,Magallanes,06,Construcción,construction,135.37735633979,1833.0274102818,0.07385451825784634
2017,12,Magallanes,Magallanes,10,Servicios de vivienda e inmobiliarios,spatial_rent,160.09513634928,1833.0274102818,0.08733919386653788
2017,13,Metropolitana,Metropolitana de Santiago,03,Minería,resource_rent,724.45199153405,74197.436985642,0.009763841191364054
2017,13,Metropolitana,Metropolitana de Santiago,06,Construcción,construction,4310.306483272,74197.436985642,0.058092390497344146
2017,13,Metropolitana,Metropolitana de Santiago,10,Servicios de vivienda e inmobiliarios,spatial_rent,6691.2012972453,74197.436985642,0.09018103008787379
2017,14,Los_Rios,Los Ríos,03,Minería,resource_rent,5.0222049678163,2315.3082350161,0.0021691301796718993
2017,14,Los_Rios,Los Ríos,06,Construcción,construction,159.42598725892,2315.3082350161,0.06885734903362074
2017,14,Los_Rios,Los Ríos,10,Servicios de vivienda e inmobiliarios,spatial_rent,223.22040671892,2315.3082350161,0.09641066504364064
2017,15,Arica_y_Parinacota,Arica y Parinacota,03,Minería,resource_rent,76.388382838546,1374.6354400135,0.05556992102414862
2017,15,Arica_y_Parinacota,Arica y Parinacota,06,Construcción,construction,119.87729680202,1374.6354400135,0.08720661006735189
2017,15,Arica_y_Parinacota,Arica y Parinacota,10,Servicios de vivienda e inmobiliarios,spatial_rent,146.02195461917,1374.6354400135,0.10622594934533039
2017,16,Nuble,Ñuble,03,Minería,resource_rent,7.1651712072451,2529.0430700547,0.0028331550743776485
2017,16,Nuble,Ñuble,06,Construcción,construction,140.52414528039,2529.0430700547,0.05556415663468738
2017,16,Nuble,Ñuble,10,Servicios de vivienda e inmobiliarios,spatial_rent,295.91645666059,2529.0430700547,0.11700728238455413
2018,01,Tarapaca,Tarapacá,03,Minería,resource_rent,1557.8733333992,4353.4571481925,0.3578474027350904
2018,01,Tarapaca,Tarapacá,06,Construcción,construction,356.62896120455,4353.4571481925,0.08191856473254085
2018,01,Tarapaca,Tarapacá,10,Servicios de vivienda e inmobiliarios,spatial_rent,246.2842157658,4353.4571481925,0.05657210060470081
2018,02,Antofagasta,Antofagasta,03,Minería,resource_rent,9402.8475238072,15974.159226819,0.5886286339265211
2018,02,Antofagasta,Antofagasta,06,Construcción,construction,1323.4990429058,15974.159226819,0.08285250097443493
2018,02,Antofagasta,Antofagasta,10,Servicios de vivienda e inmobiliarios,spatial_rent,467.55062818881,15974.159226819,0.02926918541063743
2018,03,Atacama,Atacama,03,Minería,resource_rent,1412.074610766,3671.4404112653,0.3846105213728233
2018,03,Atacama,Atacama,06,Construcción,construction,328.09855043544,3671.4404112653,0.08936507574212987
2018,03,Atacama,Atacama,10,Servicios de vivienda e inmobiliarios,spatial_rent,214.63228731075,3671.4404112653,0.05845996755174915
2018,04,Coquimbo,Coquimbo,03,Minería,resource_rent,1118.397720999,5876.7882769249,0.1903076422525494
2018,04,Coquimbo,Coquimbo,06,Construcción,construction,630.1289191092,5876.7882769249,0.10722334877766304
2018,04,Coquimbo,Coquimbo,10,Servicios de vivienda e inmobiliarios,spatial_rent,547.01304249745,5876.7882769249,0.09308027050171036
2018,05,Valparaiso,Valparaíso,03,Minería,resource_rent,882.67347841937,13988.67786317,0.06309913539029383
2018,05,Valparaiso,Valparaíso,06,Construcción,construction,1090.7852194947,13988.67786317,0.0779762912667084
2018,05,Valparaiso,Valparaíso,10,Servicios de vivienda e inmobiliarios,spatial_rent,1626.8069066153,13988.67786317,0.11629454352497659
2018,06,OHiggins,O'Higgins,03,Minería,resource_rent,1276.7784006622,7939.6111665388,0.16081120018107886
2018,06,OHiggins,O'Higgins,06,Construcción,construction,583.02021108397,7939.6111665388,0.07343183423655397
2018,06,OHiggins,O'Higgins,10,Servicios de vivienda e inmobiliarios,spatial_rent,671.86305309937,7939.6111665388,0.084621657031633
2018,07,Maule,Maule,03,Minería,resource_rent,20.02422830339,7177.0999859423,0.002790016628249741
2018,07,Maule,Maule,06,Construcción,construction,564.9880037304,7177.0999859423,0.07872093252665216
2018,07,Maule,Maule,10,Servicios de vivienda e inmobiliarios,spatial_rent,715.99263876783,7177.0999859423,0.0997607167477444
2018,08,Biobio,Biobío,03,Minería,resource_rent,35.999274639574,11336.420168939,0.0031755416703951656
2018,08,Biobio,Biobío,06,Construcción,construction,890.41701991513,11336.420168939,0.07854481455749238
2018,08,Biobio,Biobío,10,Servicios de vivienda e inmobiliarios,spatial_rent,1106.1225994451,11336.420168939,0.09757247728659517
2018,09,Araucania,La Araucanía,03,Minería,resource_rent,15.952652568196,5246.5625653112,0.003040591314715365
2018,09,Araucania,La Araucanía,06,Construcción,construction,483.47877325298,5246.5625653112,0.09215153107095415
2018,09,Araucania,La Araucanía,10,Servicios de vivienda e inmobiliarios,spatial_rent,599.06832425452,5246.5625653112,0.11418301350590798
2018,10,Los_Lagos,Los Lagos,03,Minería,resource_rent,11.822299901678,6417.1828991869,0.0018422881328777408
2018,10,Los_Lagos,Los Lagos,06,Construcción,construction,448.19982891968,6417.1828991869,0.06984370493421185
2018,10,Los_Lagos,Los Lagos,10,Servicios de vivienda e inmobiliarios,spatial_rent,514.5611752215,6417.1828991869,0.08018490096124553
2018,11,Aysen,Aysén,03,Minería,resource_rent,15.283017463853,1228.4726002885,0.012440666124961898
2018,11,Aysen,Aysén,06,Construcción,construction,72.948797421648,1228.4726002885,0.05938170489477452
2018,11,Aysen,Aysén,10,Servicios de vivienda e inmobiliarios,spatial_rent,74.609695043401,1228.4726002885,0.060733707065081736
2018,12,Magallanes,Magallanes,03,Minería,resource_rent,115.10757055556,1840.8548539909,0.06252941143404728
2018,12,Magallanes,Magallanes,06,Construcción,construction,145.65844120755,1840.8548539909,0.07912543506174227
2018,12,Magallanes,Magallanes,10,Servicios de vivienda e inmobiliarios,spatial_rent,161.10471267593,1840.8548539909,0.08751624948955719
2018,13,Metropolitana,Metropolitana de Santiago,03,Minería,resource_rent,891.16785367615,78231.54241606,0.011391413567389973
2018,13,Metropolitana,Metropolitana de Santiago,06,Construcción,construction,4838.8784610856,78231.54241606,0.061853292312081996
2018,13,Metropolitana,Metropolitana de Santiago,10,Servicios de vivienda e inmobiliarios,spatial_rent,6987.7297868597,78231.54241606,0.0893211302123733
2018,14,Los_Rios,Los Ríos,03,Minería,resource_rent,5.3561548584525,2500.504791378,0.002142029432185484
2018,14,Los_Rios,Los Ríos,06,Construcción,construction,193.0609056928,2500.504791378,0.07720877254804472
2018,14,Los_Rios,Los Ríos,10,Servicios de vivienda e inmobiliarios,spatial_rent,233.99718421801,2500.504791378,0.09357997834071607
2018,15,Arica_y_Parinacota,Arica y Parinacota,03,Minería,resource_rent,56.513372187684,1431.6651654563,0.039473875282613355
2018,15,Arica_y_Parinacota,Arica y Parinacota,06,Construcción,construction,122.68663811088,1431.6651654563,0.08569506409117479
2018,15,Arica_y_Parinacota,Arica y Parinacota,10,Servicios de vivienda e inmobiliarios,spatial_rent,153.43373450474,1431.6651654563,0.10717152181029538
2018,16,Nuble,Ñuble,03,Minería,resource_rent,7.564236144355,2785.3729074085,0.0027156996193348974
2018,16,Nuble,Ñuble,06,Construcción,construction,179.93409590906,2785.3729074085,0.06459964316823559
2018,16,Nuble,Ñuble,10,Servicios de vivienda e inmobiliarios,spatial_rent,309.55568770829,2785.3729074085,0.1111361738620124
2019,01,Tarapaca,Tarapacá,03,Minería,resource_rent,1518.216865117,4680.3144423173,0.3243835182076583
2019,01,Tarapaca,Tarapacá,06,Construcción,construction,548.96765452353,4680.3144423173,0.11729290014363376
2019,01,Tarapaca,Tarapacá,10,Servicios de vivienda e inmobiliarios,spatial_rent,266.00349742673,4680.3144423173,0.05683453552215337
2019,02,Antofagasta,Antofagasta,03,Minería,resource_rent,8921.0807808593,16064.987933659,0.555312012539272
2019,02,Antofagasta,Antofagasta,06,Construcción,construction,1412.095839087,16064.987933659,0.0878989666794837
2019,02,Antofagasta,Antofagasta,10,Servicios de vivienda e inmobiliarios,spatial_rent,495.53719271059,16064.987933659,0.030845786797782253
2019,03,Atacama,Atacama,03,Minería,resource_rent,1316.6070752891,3763.1781697534,0.3498657294175835
2019,03,Atacama,Atacama,06,Construcción,construction,373.68174072741,3763.1781697534,0.09929950798792427
2019,03,Atacama,Atacama,10,Servicios de vivienda e inmobiliarios,spatial_rent,225.25498956762,3763.1781697534,0.059857646756698975
2019,04,Coquimbo,Coquimbo,03,Minería,resource_rent,1097.86651887,6190.4403065059,0.17734869645963425
2019,04,Coquimbo,Coquimbo,06,Construcción,construction,681.04608927141,6190.4403065059,0.11001577521968162
2019,04,Coquimbo,Coquimbo,10,Servicios de vivienda e inmobiliarios,spatial_rent,599.44955476573,6190.4403065059,0.09683472016291524
2019,05,Valparaiso,Valparaíso,03,Minería,resource_rent,737.85211460307,14385.490473123,0.05129141171666196
2019,05,Valparaiso,Valparaíso,06,Construcción,construction,1216.5292986877,14385.490473123,0.0845664109236033
2019,05,Valparaiso,Valparaíso,10,Servicios de vivienda e inmobiliarios,spatial_rent,1728.7248556044,14385.490473123,0.12017142264521655
2019,06,OHiggins,O'Higgins,03,Minería,resource_rent,1210.2539160931,8206.5147518758,0.14747477494224534
2019,06,OHiggins,O'Higgins,06,Construcción,construction,552.76167683574,8206.5147518758,0.06735644710921805
2019,06,OHiggins,O'Higgins,10,Servicios de vivienda e inmobiliarios,spatial_rent,719.58076727667,8206.5147518758,0.08768408868237179
2019,07,Maule,Maule,03,Minería,resource_rent,22.219848283936,7443.5745091868,0.0029851045699230173
2019,07,Maule,Maule,06,Construcción,construction,602.28684631955,7443.5745091868,0.08091365856232277
2019,07,Maule,Maule,10,Servicios de vivienda e inmobiliarios,spatial_rent,770.8198370081,7443.5745091868,0.10355506431174434
2019,08,Biobio,Biobío,03,Minería,resource_rent,41.562234756864,11711.120580379,0.0035489545574740335
2019,08,Biobio,Biobío,06,Construcción,construction,1023.9294063611,11711.120580379,0.08743223155575802
2019,08,Biobio,Biobío,10,Servicios de vivienda e inmobiliarios,spatial_rent,1180.3269874198,11711.120580379,0.1007868529163075
2019,09,Araucania,La Araucanía,03,Minería,resource_rent,18.691683094382,5493.1171751329,0.0034027461090759955
2019,09,Araucania,La Araucanía,06,Construcción,construction,529.29661388132,5493.1171751329,0.09635633047797024
2019,09,Araucania,La Araucanía,10,Servicios de vivienda e inmobiliarios,spatial_rent,645.89289967241,5493.1171751329,0.1175822177244532
2019,10,Los_Lagos,Los Lagos,03,Minería,resource_rent,13.405810757268,6851.1862380101,0.001956713814447652
2019,10,Los_Lagos,Los Lagos,06,Construcción,construction,522.11530802793,6851.1862380101,0.07620801564716716
2019,10,Los_Lagos,Los Lagos,10,Servicios de vivienda e inmobiliarios,spatial_rent,556.21092878128,6851.1862380101,0.08118461671578049
2019,11,Aysen,Aysén,03,Minería,resource_rent,1.7201996258945,1345.9867648666,0.0012780212040680713
2019,11,Aysen,Aysén,06,Construcción,construction,84.974655306617,1345.9867648666,0.06313186542739802
2019,11,Aysen,Aysén,10,Servicios de vivienda e inmobiliarios,spatial_rent,78.933029188584,1345.9867648666,0.05864324319445074
2019,12,Magallanes,Magallanes,03,Minería,resource_rent,105.42362799609,1986.3452271104,0.05307417187970549
2019,12,Magallanes,Magallanes,06,Construcción,construction,144.21286142361,1986.3452271104,0.07260211339667329
2019,12,Magallanes,Magallanes,10,Servicios de vivienda e inmobiliarios,spatial_rent,167.82312900304,1986.3452271104,0.08448839945469987
2019,13,Metropolitana,Metropolitana de Santiago,03,Minería,resource_rent,893.75422782041,80883.387328554,0.011049910956250108
2019,13,Metropolitana,Metropolitana de Santiago,06,Construcción,construction,5046.2256782909,80883.387328554,0.06238890141671214
2019,13,Metropolitana,Metropolitana de Santiago,10,Servicios de vivienda e inmobiliarios,spatial_rent,7355.0600231154,80883.387328554,0.09093412462114908
2019,14,Los_Rios,Los Ríos,03,Minería,resource_rent,5.8739840289337,2559.0913049971,0.0022953397627758173
2019,14,Los_Rios,Los Ríos,06,Construcción,construction,209.37537161191,2559.0913049971,0.0818162959653162
2019,14,Los_Rios,Los Ríos,10,Servicios de vivienda e inmobiliarios,spatial_rent,251.85784284301,2559.0913049971,0.09841690382488928
2019,15,Arica_y_Parinacota,Arica y Parinacota,03,Minería,resource_rent,61.940451961213,1474.5744292248,0.042005646329955536
2019,15,Arica_y_Parinacota,Arica y Parinacota,06,Construcción,construction,131.21846641017,1474.5744292248,0.08898734699960381
2019,15,Arica_y_Parinacota,Arica y Parinacota,10,Servicios de vivienda e inmobiliarios,spatial_rent,161.31641055887,1474.5744292248,0.10939862197642733
2019,16,Nuble,Ñuble,03,Minería,resource_rent,8.5843591070884,2841.444797196,0.00302112471639767
2019,16,Nuble,Ñuble,06,Construcción,construction,192.24016023307,2841.444797196,0.06765577864570052
2019,16,Nuble,Ñuble,10,Servicios de vivienda e inmobiliarios,spatial_rent,330.80069756073,2841.444797196,0.1164198924037417
2020,01,Tarapaca,Tarapacá,03,Minería,resource_rent,2311.6614797036,5376.274064216,0.42997463523852186
2020,01,Tarapaca,Tarapacá,06,Construcción,construction,580.25069599726,5376.274064216,0.10792803511624469
2020,01,Tarapaca,Tarapacá,10,Servicios de vivienda e inmobiliarios,spatial_rent,268.61454711584,5376.274064216,0.049962956483880626
2020,02,Antofagasta,Antofagasta,03,Minería,resource_rent,12784.584051838,20108.496080303,0.6357802195043796
2020,02,Antofagasta,Antofagasta,06,Construcción,construction,1411.5900680856,20108.496080303,0.07019868927285434
2020,02,Antofagasta,Antofagasta,10,Servicios de vivienda e inmobiliarios,spatial_rent,513.61055275219,20108.496080303,0.025541967469923824
2020,03,Atacama,Atacama,03,Minería,resource_rent,2234.6324529246,4726.4358964813,0.4727944061588186
2020,03,Atacama,Atacama,06,Construcción,construction,369.06077160565,4726.4358964813,0.07808437048313836
2020,03,Atacama,Atacama,10,Servicios de vivienda e inmobiliarios,spatial_rent,239.74030047148,4726.4358964813,0.050723273460655624
2020,04,Coquimbo,Coquimbo,03,Minería,resource_rent,1604.1657989649,6769.4679964724,0.23697073385985987
2020,04,Coquimbo,Coquimbo,06,Construcción,construction,676.04619204546,6769.4679964724,0.099866960357557
2020,04,Coquimbo,Coquimbo,10,Servicios de vivienda e inmobiliarios,spatial_rent,646.03393747167,6769.4679964724,0.09543348721174562
2020,05,Valparaiso,Valparaíso,03,Minería,resource_rent,1127.136334127,14751.765585528,0.0764068766950012
2020,05,Valparaiso,Valparaíso,06,Construcción,construction,1053.6318790041,14751.765585528,0.07142412024481665
2020,05,Valparaiso,Valparaíso,10,Servicios de vivienda e inmobiliarios,spatial_rent,1847.9955254128,14751.765585528,0.12527283698337427
2020,06,OHiggins,O'Higgins,03,Minería,resource_rent,1807.7063553975,9110.8545689476,0.19841238181527787
2020,06,OHiggins,O'Higgins,06,Construcción,construction,532.81171269354,9110.8545689476,0.058480980972906195
2020,06,OHiggins,O'Higgins,10,Servicios de vivienda e inmobiliarios,spatial_rent,785.64768551705,9110.8545689476,0.08623205206180792
2020,07,Maule,Maule,03,Minería,resource_rent,22.95338202497,7978.2235333984,0.002877004126154484
2020,07,Maule,Maule,06,Construcción,construction,608.14038506807,7978.2235333984,0.07622503713041828
2020,07,Maule,Maule,10,Servicios de vivienda e inmobiliarios,spatial_rent,854.4161616705,7978.2235333984,0.10709353505749084
2020,08,Biobio,Biobío,03,Minería,resource_rent,42.005022467969,11871.842876298,0.0035382057280956398
2020,08,Biobio,Biobío,06,Construcción,construction,1011.4412223269,11871.842876298,0.08519664831028305
2020,08,Biobio,Biobío,10,Servicios de vivienda e inmobiliarios,spatial_rent,1272.4713347167,11871.842876298,0.1071839770771541
2020,09,Araucania,La Araucanía,03,Minería,resource_rent,18.573261143768,5663.9597564038,0.003279200761052134
2020,09,Araucania,La Araucanía,06,Construcción,construction,498.83472386055,5663.9597564038,0.08807172813976234
2020,09,Araucania,La Araucanía,10,Servicios de vivienda e inmobiliarios,spatial_rent,696.79942055452,5663.9597564038,0.12302337066690894
2020,10,Los_Lagos,Los Lagos,03,Minería,resource_rent,13.426988926316,6733.1287379342,0.001994167859982958
2020,10,Los_Lagos,Los Lagos,06,Construcción,construction,428.90905032716,6733.1287379342,0.06370129950296392
2020,10,Los_Lagos,Los Lagos,10,Servicios de vivienda e inmobiliarios,spatial_rent,594.38641962346,6733.1287379342,0.0882778931991466
2020,11,Aysen,Aysén,03,Minería,resource_rent,28.50471761771,1103.7202222711,0.02582603547759276
2020,11,Aysen,Aysén,06,Construcción,construction,77.030239043891,1103.7202222711,0.06979145392968122
2020,11,Aysen,Aysén,10,Servicios de vivienda e inmobiliarios,spatial_rent,83.528402105664,1103.7202222711,0.07567896321931068
2020,12,Magallanes,Magallanes,03,Minería,resource_rent,48.797520017236,1714.9816116692,0.028453669523454038
2020,12,Magallanes,Magallanes,06,Construcción,construction,110.23418438253,1714.9816116692,0.06427718153504779
2020,12,Magallanes,Magallanes,10,Servicios de vivienda e inmobiliarios,spatial_rent,172.09614440674,1714.9816116692,0.10034868201253655
2020,13,Metropolitana,Metropolitana de Santiago,03,Minería,resource_rent,1187.9790904431,78511.283115984,0.015131316713906068
2020,13,Metropolitana,Metropolitana de Santiago,06,Construcción,construction,4164.7512735676,78511.283115984,0.05304653176302126
2020,13,Metropolitana,Metropolitana de Santiago,10,Servicios de vivienda e inmobiliarios,spatial_rent,7416.9454399843,78511.283115984,0.094469802882056
2020,14,Los_Rios,Los Ríos,03,Minería,resource_rent,5.6735764367469,2638.1357277013,0.0021506006598418976
2020,14,Los_Rios,Los Ríos,06,Construcción,construction,187.277824165,2638.1357277013,0.07098869940561464
2020,14,Los_Rios,Los Ríos,10,Servicios de vivienda e inmobiliarios,spatial_rent,272.81296311458,2638.1357277013,0.10341126889339067
2020,15,Arica_y_Parinacota,Arica y Parinacota,03,Minería,resource_rent,68.475459805091,1489.1757881058,0.04598212001028457
2020,15,Arica_y_Parinacota,Arica y Parinacota,06,Construcción,construction,123.43941138532,1489.1757881058,0.08289109477285574
2020,15,Arica_y_Parinacota,Arica y Parinacota,10,Servicios de vivienda e inmobiliarios,spatial_rent,171.08100749519,1489.1757881058,0.11488301707671558
2020,16,Nuble,Ñuble,03,Minería,resource_rent,8.6062643644149,2967.4551620072,0.0029002171539446557
2020,16,Nuble,Ñuble,06,Construcción,construction,188.66198412953,2967.4551620072,0.06357702941732679
2020,16,Nuble,Ñuble,10,Servicios de vivienda e inmobiliarios,spatial_rent,359.76716039529,2967.4551620072,0.12123760621607567
2021,01,Tarapaca,Tarapacá,03,Minería,resource_rent,3384.604178189,7101.0668859585,0.4766331922434986
2021,01,Tarapaca,Tarapacá,06,Construcción,construction,768.17195095782,7101.0668859585,0.10817697724785369
2021,01,Tarapaca,Tarapacá,10,Servicios de vivienda e inmobiliarios,spatial_rent,306.59962543617,7101.0668859585,0.04317655788349686
2021,02,Antofagasta,Antofagasta,03,Minería,resource_rent,18528.667291138,26281.449302108,0.7050093424509827
2021,02,Antofagasta,Antofagasta,06,Construcción,construction,1373.8607342223,26281.449302108,0.05227492283357845
2021,02,Antofagasta,Antofagasta,10,Servicios de vivienda e inmobiliarios,spatial_rent,583.22259702696,26281.449302108,0.022191416855393147
2021,03,Atacama,Atacama,03,Minería,resource_rent,3343.1239839421,6346.7905951772,0.5267424430991111
2021,03,Atacama,Atacama,06,Construcción,construction,567.05357079413,6346.7905951772,0.08934493147214007
2021,03,Atacama,Atacama,10,Servicios de vivienda e inmobiliarios,spatial_rent,270.75411172386,6346.7905951772,0.04266000392853683
2021,04,Coquimbo,Coquimbo,03,Minería,resource_rent,2129.8995711047,8137.2544692252,0.26174670819990975
2021,04,Coquimbo,Coquimbo,06,Construcción,construction,864.73045878511,8137.2544692252,0.10626808612849568
2021,04,Coquimbo,Coquimbo,10,Servicios de vivienda e inmobiliarios,spatial_rent,732.77602285438,8137.2544692252,0.0900519979589814
2021,05,Valparaiso,Valparaíso,03,Minería,resource_rent,1577.8805628721,16838.567692834,0.09370634080377274
2021,05,Valparaiso,Valparaíso,06,Construcción,construction,1130.5285647364,16838.567692834,0.06713923567368024
2021,05,Valparaiso,Valparaíso,10,Servicios de vivienda e inmobiliarios,spatial_rent,2074.7311246465,16838.567692834,0.12321304059189338
2021,06,OHiggins,O'Higgins,03,Minería,resource_rent,2774.8446508825,10892.264307389,0.25475370157884664
2021,06,OHiggins,O'Higgins,06,Construcción,construction,597.4422756472,10892.264307389,0.05485014490898024
2021,06,OHiggins,O'Higgins,10,Servicios de vivienda e inmobiliarios,spatial_rent,883.54119219209,10892.264307389,0.08111639299761768
2021,07,Maule,Maule,03,Minería,resource_rent,22.164642557371,8651.4940548574,0.0025619439159097167
2021,07,Maule,Maule,06,Construcción,construction,619.40004826447,8651.4940548574,0.07159457595843882
2021,07,Maule,Maule,10,Servicios de vivienda e inmobiliarios,spatial_rent,968.76864157547,8651.4940548574,0.11197703372766613
2021,08,Biobio,Biobío,03,Minería,resource_rent,39.929309630705,13396.363909988,0.002980608014159326
2021,08,Biobio,Biobío,06,Construcción,construction,1077.5274190507,13396.363909988,0.08043431981176041
2021,08,Biobio,Biobío,10,Servicios de vivienda e inmobiliarios,spatial_rent,1442.1456895338,13396.363909988,0.10765202402859267
2021,09,Araucania,La Araucanía,03,Minería,resource_rent,17.284466961148,6447.289125687,0.0026808890720107464
2021,09,Araucania,La Araucanía,06,Construcción,construction,531.65730157876,6447.289125687,0.08246214668123923
2021,09,Araucania,La Araucanía,10,Servicios de vivienda e inmobiliarios,spatial_rent,796.50550556111,6447.289125687,0.12354114885087261
2021,10,Los_Lagos,Los Lagos,03,Minería,resource_rent,13.006908697563,7480.2818967801,0.0017388260064319027
2021,10,Los_Lagos,Los Lagos,06,Construcción,construction,511.67303200246,7480.2818967801,0.06840290767955022
2021,10,Los_Lagos,Los Lagos,10,Servicios de vivienda e inmobiliarios,spatial_rent,678.67850161079,7480.2818967801,0.0907290007216076
2021,11,Aysen,Aysén,03,Minería,resource_rent,31.366017437373,1260.3909793519,0.024885942498177497
2021,11,Aysen,Aysén,06,Construcción,construction,71.811763741617,1260.3909793519,0.05697578364020267
2021,11,Aysen,Aysén,10,Servicios de vivienda e inmobiliarios,spatial_rent,94.019196707058,1260.3909793519,0.07459526309479238
2021,12,Magallanes,Magallanes,03,Minería,resource_rent,96.880605164239,1962.6738225339,0.04936154140944408
2021,12,Magallanes,Magallanes,06,Construcción,construction,117.33874780556,1962.6738225339,0.05978514945191984
2021,12,Magallanes,Magallanes,10,Servicios de vivienda e inmobiliarios,spatial_rent,192.00591042505,1962.6738225339,0.09782874169950549
2021,13,Metropolitana,Metropolitana de Santiago,03,Minería,resource_rent,1680.2963075379,91042.360296856,0.018456203266908562
2021,13,Metropolitana,Metropolitana de Santiago,06,Construcción,construction,4949.2129265354,91042.360296856,0.05436165000992744
2021,13,Metropolitana,Metropolitana de Santiago,10,Servicios de vivienda e inmobiliarios,spatial_rent,8371.7399527479,91042.360296856,0.09195433779891803
2021,14,Los_Rios,Los Ríos,03,Minería,resource_rent,5.3104760811702,2963.5342972607,0.0017919401459530473
2021,14,Los_Rios,Los Ríos,06,Construcción,construction,202.51663862293,2963.5342972607,0.06833618858743201
2021,14,Los_Rios,Los Ríos,10,Servicios de vivienda e inmobiliarios,spatial_rent,306.91817882541,2963.5342972607,0.10356491541505201
2021,15,Arica_y_Parinacota,Arica y Parinacota,03,Minería,resource_rent,89.427605358168,1763.8083556073,0.05070142970684421
2021,15,Arica_y_Parinacota,Arica y Parinacota,06,Construcción,construction,180.27266744619,1763.8083556073,0.10220649362108278
2021,15,Arica_y_Parinacota,Arica y Parinacota,10,Servicios de vivienda e inmobiliarios,spatial_rent,193.29911811492,1763.8083556073,0.10959190520920559
2021,16,Nuble,Ñuble,03,Minería,resource_rent,8.4364916941261,3425.7475115145,0.002462671771859913
2021,16,Nuble,Ñuble,06,Construcción,construction,235.55046793328,3425.7475115145,0.06875885252534117
2021,16,Nuble,Ñuble,10,Servicios de vivienda e inmobiliarios,spatial_rent,405.1398347106,3425.7475115145,0.11826319171184055
2022,01,Tarapaca,Tarapacá,03,Minería,resource_rent,2793.8277560638,7306.5757217938,0.38237169673482857
2022,01,Tarapaca,Tarapacá,06,Construcción,construction,1047.8390509859,7306.5757217938,0.1434104142465043
2022,01,Tarapaca,Tarapacá,10,Servicios de vivienda e inmobiliarios,spatial_rent,353.27760677212,7306.5757217938,0.04835063923561017
2022,02,Antofagasta,Antofagasta,03,Minería,resource_rent,22487.708071532,30853.587264172,0.7288523009979239
2022,02,Antofagasta,Antofagasta,06,Construcción,construction,1638.0700972314,30853.587264172,0.053091722631992626
2022,02,Antofagasta,Antofagasta,10,Servicios de vivienda e inmobiliarios,spatial_rent,656.67799085827,30853.587264172,0.021283683651943507
2022,03,Atacama,Atacama,03,Minería,resource_rent,2799.2777621093,5971.4141780855,0.46877970253384416
2022,03,Atacama,Atacama,06,Construcción,construction,623.3070109559,5971.4141780855,0.10438180845726212
2022,03,Atacama,Atacama,10,Servicios de vivienda e inmobiliarios,spatial_rent,306.49453254547,5971.4141780855,0.05132695931062271
2022,04,Coquimbo,Coquimbo,03,Minería,resource_rent,1587.4739842679,8222.7076355402,0.19305976262691346
2022,04,Coquimbo,Coquimbo,06,Construcción,construction,988.43936614975,8222.7076355402,0.12020850186592014
2022,04,Coquimbo,Coquimbo,10,Servicios de vivienda e inmobiliarios,spatial_rent,832.69176444619,8222.7076355402,0.10126734420753673
2022,05,Valparaiso,Valparaíso,03,Minería,resource_rent,1368.8880645802,18953.983887701,0.07222165391142145
2022,05,Valparaiso,Valparaíso,06,Construcción,construction,1318.7294107752,18953.983887701,0.06957531559530905
2022,05,Valparaiso,Valparaíso,10,Servicios de vivienda e inmobiliarios,spatial_rent,2345.4466026695,18953.983887701,0.12374425432488789
2022,06,OHiggins,O'Higgins,03,Minería,resource_rent,2091.5428178995,11096.230835088,0.18849128582344535
2022,06,OHiggins,O'Higgins,06,Construcción,construction,711.84939099515,11096.230835088,0.064152359623249
2022,06,OHiggins,O'Higgins,10,Servicios de vivienda e inmobiliarios,spatial_rent,997.89198194981,11096.230835088,0.08993071582418068
2022,07,Maule,Maule,03,Minería,resource_rent,29.63982185084,9391.0931089174,0.0031561631332028043
2022,07,Maule,Maule,06,Construcción,construction,607.01428325658,9391.0931089174,0.06463723404895048
2022,07,Maule,Maule,10,Servicios de vivienda e inmobiliarios,spatial_rent,1107.1130326933,9391.0931089174,0.1178896875851471
2022,08,Biobio,Biobío,03,Minería,resource_rent,60.80354599283,15203.505886806,0.003999310846164562
2022,08,Biobio,Biobío,06,Construcción,construction,1149.3854278591,15203.505886806,0.07560002517949276
2022,08,Biobio,Biobío,10,Servicios de vivienda e inmobiliarios,spatial_rent,1637.478432276,15203.505886806,0.10770400225233881
2022,09,Araucania,La Araucanía,03,Minería,resource_rent,24.854953323807,7092.0179243523,0.0035046376911232855
2022,09,Araucania,La Araucanía,06,Construcción,construction,582.48790593364,7092.0179243523,0.08213288688026511
2022,09,Araucania,La Araucanía,10,Servicios de vivienda e inmobiliarios,spatial_rent,903.09712210655,7092.0179243523,0.12733993790477174
2022,10,Los_Lagos,Los Lagos,03,Minería,resource_rent,19.106734155982,8655.27214732,0.002207525520950623
2022,10,Los_Lagos,Los Lagos,06,Construcción,construction,526.72057228425,8655.27214732,0.060855460500724136
2022,10,Los_Lagos,Los Lagos,10,Servicios de vivienda e inmobiliarios,spatial_rent,770.1487970517,8655.27214732,0.08898030979767253
2022,11,Aysen,Aysén,03,Minería,resource_rent,31.417491347937,1489.5987938249,0.021091243815568015
2022,11,Aysen,Aysén,06,Construcción,construction,74.705687211287,1489.5987938249,0.05015154920974549
2022,11,Aysen,Aysén,10,Servicios de vivienda e inmobiliarios,spatial_rent,105.24513461462,1489.5987938249,0.07065334306855743
2022,12,Magallanes,Magallanes,03,Minería,resource_rent,161.43187859967,2376.1768102137,0.06793765426283734
2022,12,Magallanes,Magallanes,06,Construcción,construction,149.73186559345,2376.1768102137,0.06301377277559744
2022,12,Magallanes,Magallanes,10,Servicios de vivienda e inmobiliarios,spatial_rent,216.6979416689,2376.1768102137,0.09119605104193043
2022,13,Metropolitana,Metropolitana de Santiago,03,Minería,resource_rent,1405.8124575492,99864.168994531,0.014077245840058894
2022,13,Metropolitana,Metropolitana de Santiago,06,Construcción,construction,5312.4308633871,99864.168994531,0.05319656606443129
2022,13,Metropolitana,Metropolitana de Santiago,10,Servicios de vivienda e inmobiliarios,spatial_rent,9493.2969107665,99864.168994531,0.09506209290427674
2022,14,Los_Rios,Los Ríos,03,Minería,resource_rent,7.723489367309,3272.4450598055,0.0023601586050059006
2022,14,Los_Rios,Los Ríos,06,Construcción,construction,222.25308731866,3272.4450598055,0.06791652212852421
2022,14,Los_Rios,Los Ríos,10,Servicios de vivienda e inmobiliarios,spatial_rent,350.2678263475,3272.4450598055,0.10703551012963938
2022,15,Arica_y_Parinacota,Arica y Parinacota,03,Minería,resource_rent,122.51991494173,2017.3857335163,0.06073202209484152
2022,15,Arica_y_Parinacota,Arica y Parinacota,06,Construcción,construction,196.62011562449,2017.3857335163,0.09746282644805933
2022,15,Arica_y_Parinacota,Arica y Parinacota,10,Servicios de vivienda e inmobiliarios,spatial_rent,218.94715124043,2017.3857335163,0.1085301375948592
2022,16,Nuble,Ñuble,03,Minería,resource_rent,13.061436414954,3819.3698781002,0.003419788298024415
2022,16,Nuble,Ñuble,06,Construcción,construction,278.4792115437,3819.3698781002,0.07291234429544668
2022,16,Nuble,Ñuble,10,Servicios de vivienda e inmobiliarios,spatial_rent,455.52538482078,3819.3698781002,0.11926715645758922
2023,01,Tarapaca,Tarapacá,03,Minería,resource_rent,2697.3851692283,7831.5392448874,0.344425927634751
2023,01,Tarapaca,Tarapacá,06,Construcción,construction,1264.7185891513,7831.5392448874,0.16149042347925868
2023,01,Tarapaca,Tarapacá,10,Servicios de vivienda e inmobiliarios,spatial_rent,383.91215916722,7831.5392448874,0.04902129034440404
2023,02,Antofagasta,Antofagasta,03,Minería,resource_rent,17717.994558791,28046.2158265,0.6317427872764859
2023,02,Antofagasta,Antofagasta,06,Construcción,construction,1988.3184858658,28046.2158265,0.07089435873152981
2023,02,Antofagasta,Antofagasta,10,Servicios de vivienda e inmobiliarios,spatial_rent,713.92298108057,28046.2158265,0.025455233800419034
2023,03,Atacama,Atacama,03,Minería,resource_rent,2624.455993713,6211.1645996791,0.4225384711022781
2023,03,Atacama,Atacama,06,Construcción,construction,549.24786701074,6211.1645996791,0.08842912761305938
2023,03,Atacama,Atacama,10,Servicios de vivienda e inmobiliarios,spatial_rent,332.70730927274,6211.1645996791,0.053566010678565715
2023,04,Coquimbo,Coquimbo,03,Minería,resource_rent,1623.6994838803,9118.8875824561,0.1780589429574884
2023,04,Coquimbo,Coquimbo,06,Construcción,construction,1035.784376467,9118.8875824561,0.11358670310397878
2023,04,Coquimbo,Coquimbo,10,Servicios de vivienda e inmobiliarios,spatial_rent,905.95004081091,9118.8875824561,0.09934874540551135
2023,05,Valparaiso,Valparaíso,03,Minería,resource_rent,1259.027473472,20607.482512558,0.0610956468217193
2023,05,Valparaiso,Valparaíso,06,Construcción,construction,1375.3045750108,20607.482512558,0.0667381168064902
2023,05,Valparaiso,Valparaíso,10,Servicios de vivienda e inmobiliarios,spatial_rent,2531.1927530134,20607.482512558,0.12282881965183838
2023,06,OHiggins,O'Higgins,03,Minería,resource_rent,1693.5032656371,11978.573241181,0.14137771097938645
2023,06,OHiggins,O'Higgins,06,Construcción,construction,801.56434139428,11978.573241181,0.0669165121133618
2023,06,OHiggins,O'Higgins,10,Servicios de vivienda e inmobiliarios,spatial_rent,1085.9599414963,11978.573241181,0.09065853834435729
2023,07,Maule,Maule,03,Minería,resource_rent,34.47111533785,10654.220850263,0.003235442161591674
2023,07,Maule,Maule,06,Construcción,construction,718.42626237131,10654.220850263,0.0674311404342229
2023,07,Maule,Maule,10,Servicios de vivienda e inmobiliarios,spatial_rent,1204.4488348618,10654.220850263,0.11304898328929121
2023,08,Biobio,Biobío,03,Minería,resource_rent,69.776118618212,17122.269998846,0.004075167522934443
2023,08,Biobio,Biobío,06,Construcción,construction,1311.6982135522,17122.269998846,0.07660772862713912
2023,08,Biobio,Biobío,10,Servicios de vivienda e inmobiliarios,spatial_rent,1776.2806239691,17122.269998846,0.1037409539791638
2023,09,Araucania,La Araucanía,03,Minería,resource_rent,27.502823334968,7935.2450654012,0.0034659072414643163
2023,09,Araucania,La Araucanía,06,Construcción,construction,670.55860592138,7935.2450654012,0.08450383074432208
2023,09,Araucania,La Araucanía,10,Servicios de vivienda e inmobiliarios,spatial_rent,981.63420705841,7935.2450654012,0.12370559434118489
2023,10,Los_Lagos,Los Lagos,03,Minería,resource_rent,20.237753780477,9232.51508646,0.002192008742033555
2023,10,Los_Lagos,Los Lagos,06,Construcción,construction,570.92607639433,9232.51508646,0.061838629132772834
2023,10,Los_Lagos,Los Lagos,10,Servicios de vivienda e inmobiliarios,spatial_rent,837.44753866691,9232.51508646,0.09070632767176018
2023,11,Aysen,Aysén,03,Minería,resource_rent,24.156169842196,1502.119838373,0.016081386601191832
2023,11,Aysen,Aysén,06,Construcción,construction,80.085179642868,1502.119838373,0.05331477395945395
2023,11,Aysen,Aysén,10,Servicios de vivienda e inmobiliarios,spatial_rent,114.87276611997,1502.119838373,0.07647376939272223
2023,12,Magallanes,Magallanes,03,Minería,resource_rent,132.78934653717,2485.2967541406,0.05342997624566878
2023,12,Magallanes,Magallanes,06,Construcción,construction,189.18923648565,2485.2967541406,0.07612339901480716
2023,12,Magallanes,Magallanes,10,Servicios de vivienda e inmobiliarios,spatial_rent,235.27860371174,2485.2967541406,0.0946682134919127
2023,13,Metropolitana,Metropolitana de Santiago,03,Minería,resource_rent,1084.3872536493,110769.67008918,0.009789568324761338
2023,13,Metropolitana,Metropolitana de Santiago,06,Construcción,construction,5685.3481319666,110769.67008918,0.0513258559621001
2023,13,Metropolitana,Metropolitana de Santiago,10,Servicios de vivienda e inmobiliarios,spatial_rent,10163.984425354,110769.67008918,0.09175782880973679
2023,14,Los_Rios,Los Ríos,03,Minería,resource_rent,8.543829661809,3601.3878650124,0.0023723714251421184
2023,14,Los_Rios,Los Ríos,06,Construcción,construction,252.86110873545,3601.3878650124,0.07021212882733456
2023,14,Los_Rios,Los Ríos,10,Servicios de vivienda e inmobiliarios,spatial_rent,378.87743365686,3601.3878650124,0.10520317384796748
2023,15,Arica_y_Parinacota,Arica y Parinacota,03,Minería,resource_rent,118.98730697953,2261.9771067352,0.05260323220126177
2023,15,Arica_y_Parinacota,Arica y Parinacota,06,Construcción,construction,286.12557111055,2261.9771067352,0.12649357513769283
2023,15,Arica_y_Parinacota,Arica y Parinacota,10,Servicios de vivienda e inmobiliarios,spatial_rent,237.29942367248,2261.9771067352,0.10490796877028678
2023,16,Nuble,Ñuble,03,Minería,resource_rent,15.37573066201,4007.7293371893,0.0038365192278162438
2023,16,Nuble,Ñuble,06,Construcción,construction,310.08891808515,4007.7293371893,0.0773727195616013
2023,16,Nuble,Ñuble,10,Servicios de vivienda e inmobiliarios,spatial_rent,488.86422458386,4007.7293371893,0.12198034933334848
2024,01,Tarapaca,Tarapacá,03,Minería,resource_rent,4011.1875482825,9414.5345333297,0.42606328906457763
2024,01,Tarapaca,Tarapacá,06,Construcción,construction,1277.0217504662,9414.5345333297,0.13564364185454292
2024,01,Tarapaca,Tarapacá,10,Servicios de vivienda e inmobiliarios,spatial_rent,406.21349788798,9414.5345333297,0.043147486097149815
2024,02,Antofagasta,Antofagasta,03,Minería,resource_rent,21496.253530762,33565.682979914,0.6404235404244729
2024,02,Antofagasta,Antofagasta,06,Construcción,construction,2770.4920189516,33565.682979914,0.08253942041368521
2024,02,Antofagasta,Antofagasta,10,Servicios de vivienda e inmobiliarios,spatial_rent,768.9691431499,33565.682979914,0.022909384671542594
2024,03,Atacama,Atacama,03,Minería,resource_rent,3318.0429381972,7348.8629779629,0.45150425965854096
2024,03,Atacama,Atacama,06,Construcción,construction,617.53485860613,7348.8629779629,0.0840313474966042
2024,03,Atacama,Atacama,10,Servicios de vivienda e inmobiliarios,spatial_rent,354.4677703515,7348.8629779629,0.04823436923704329
2024,04,Coquimbo,Coquimbo,03,Minería,resource_rent,2227.4157455439,10238.714912539,0.2175483705299833
2024,04,Coquimbo,Coquimbo,06,Construcción,construction,1055.2298930642,10238.714912539,0.1030627282894552
2024,04,Coquimbo,Coquimbo,10,Servicios de vivienda e inmobiliarios,spatial_rent,965.39230572641,10238.714912539,0.09428842525384971
2024,05,Valparaiso,Valparaíso,03,Minería,resource_rent,1882.1085465238,22406.877844912,0.08399691199955268
2024,05,Valparaiso,Valparaíso,06,Construcción,construction,1388.5126707074,22406.877844912,0.06196814568803007
2024,05,Valparaiso,Valparaíso,10,Servicios de vivienda e inmobiliarios,spatial_rent,2664.1210504957,22406.877844912,0.11889746839944727
2024,06,OHiggins,O'Higgins,03,Minería,resource_rent,2337.075042556,14183.854122791,0.16477009861520817
2024,06,OHiggins,O'Higgins,06,Construcción,construction,931.04371507719,14183.854122791,0.06564109493915084
2024,06,OHiggins,O'Higgins,10,Servicios de vivienda e inmobiliarios,spatial_rent,1158.1798293231,14183.854122791,0.08165480406782423
2024,07,Maule,Maule,03,Minería,resource_rent,40.334396000747,12042.384586144,0.0033493695299480685
2024,07,Maule,Maule,06,Construcción,construction,842.95344802608,12042.384586144,0.06999888120131825
2024,07,Maule,Maule,10,Servicios de vivienda e inmobiliarios,spatial_rent,1287.2125372573,12042.384586144,0.10689017013610164
2024,08,Biobio,Biobío,03,Minería,resource_rent,80.423916799302,18362.165636231,0.004379871001741478
2024,08,Biobio,Biobío,06,Construcción,construction,1311.1856702874,18362.165636231,0.0714069187841469
2024,08,Biobio,Biobío,10,Servicios de vivienda e inmobiliarios,spatial_rent,1887.0036747758,18362.165636231,0.10276585628072597
2024,09,Araucania,La Araucanía,03,Minería,resource_rent,30.869674693478,8600.2748651369,0.003589382336908207
2024,09,Araucania,La Araucanía,06,Construcción,construction,721.31877258082,8600.2748651369,0.08387159525619858
2024,09,Araucania,La Araucanía,10,Servicios de vivienda e inmobiliarios,spatial_rent,1051.4180617755,8600.2748651369,0.12225400679199844
2024,10,Los_Lagos,Los Lagos,03,Minería,resource_rent,21.447276197615,9952.2749297208,0.002155012431737221
2024,10,Los_Lagos,Los Lagos,06,Construcción,construction,559.5475808022,9952.2749297208,0.05622308313963524
2024,10,Los_Lagos,Los Lagos,10,Servicios de vivienda e inmobiliarios,spatial_rent,898.46385635434,9952.2749297208,0.09027723437093045
2024,11,Aysen,Aysén,03,Minería,resource_rent,44.466077565598,1672.337423175,0.026589178086547486
2024,11,Aysen,Aysén,06,Construcción,construction,90.492578204414,1672.337423175,0.054111435258448144
2024,11,Aysen,Aysén,10,Servicios de vivienda e inmobiliarios,spatial_rent,122.84643548593,1672.337423175,0.0734579240908818
2024,12,Magallanes,Magallanes,03,Minería,resource_rent,157.35589722113,2774.2192928372,0.05672078542147321
2024,12,Magallanes,Magallanes,06,Construcción,construction,221.82048621017,2774.2192928372,0.07995780534829808
2024,12,Magallanes,Magallanes,10,Servicios de vivienda e inmobiliarios,spatial_rent,250.21578612279,2774.2192928372,0.09019322544862478
2024,13,Metropolitana,Metropolitana de Santiago,03,Minería,resource_rent,1181.4102286771,118184.14959842,0.009996350887081173
2024,13,Metropolitana,Metropolitana de Santiago,06,Construcción,construction,5886.3274442853,118184.14959842,0.04980640351761683
2024,13,Metropolitana,Metropolitana de Santiago,10,Servicios de vivienda e inmobiliarios,spatial_rent,10783.44054618,118184.14959842,0.09124269695065913
2024,14,Los_Rios,Los Ríos,03,Minería,resource_rent,8.928936150339,3988.9123815679,0.0022384387763436787
2024,14,Los_Rios,Los Ríos,06,Construcción,construction,244.14235469154,3988.9123815679,0.061205243770126705
2024,14,Los_Rios,Los Ríos,10,Servicios de vivienda e inmobiliarios,spatial_rent,401.22019929218,3988.9123815679,0.10058385868442529
2024,15,Arica_y_Parinacota,Arica y Parinacota,03,Minería,resource_rent,81.32459684163,2479.1484530002,0.03280343972270524
2024,15,Arica_y_Parinacota,Arica y Parinacota,06,Construcción,construction,355.30536593458,2479.1484530002,0.14331750303399493
2024,15,Arica_y_Parinacota,Arica y Parinacota,10,Servicios de vivienda e inmobiliarios,spatial_rent,249.94045608891,2479.1484530002,0.10081705909399603
2024,16,Nuble,Ñuble,03,Minería,resource_rent,17.251092662071,4457.2533474493,0.0038703415124345755
2024,16,Nuble,Ñuble,06,Construcción,construction,331.7217865753,4457.2533474493,0.07442291490231995
2024,16,Nuble,Ñuble,10,Servicios de vivienda e inmobiliarios,spatial_rent,517.66750820331,4457.2533474493,0.11614047213617541
2025,01,Tarapaca,Tarapacá,03,Minería,resource_rent,3791.8336172602,9615.6798292752,0.3943385891152344
2025,01,Tarapaca,Tarapacá,06,Construcción,construction,1301.7913034069,9615.6798292752,0.13538213901876817
2025,01,Tarapaca,Tarapacá,10,Servicios de vivienda e inmobiliarios,spatial_rent,444.2272139813,9615.6798292752,0.046198211865253476
2025,02,Antofagasta,Antofagasta,03,Minería,resource_rent,25421.757150463,39383.299126534,0.6454958755178387
2025,02,Antofagasta,Antofagasta,06,Construcción,construction,3290.9114033912,39383.299126534,0.0835610900147771
2025,02,Antofagasta,Antofagasta,10,Servicios de vivienda e inmobiliarios,spatial_rent,835.52299748379,39383.299126534,0.021215160131693157
2025,03,Atacama,Atacama,03,Minería,resource_rent,5911.1708090288,10342.025887006,0.571567976488606
2025,03,Atacama,Atacama,06,Construcción,construction,686.60503245938,10342.025887006,0.06638980021526045
2025,03,Atacama,Atacama,10,Servicios de vivienda e inmobiliarios,spatial_rent,382.22416992365,10342.025887006,0.03695834588887335
2025,04,Coquimbo,Coquimbo,03,Minería,resource_rent,2680.6133827587,11403.960156125,0.23505986920858876
2025,04,Coquimbo,Coquimbo,06,Construcción,construction,1190.0598113978,11403.960156125,0.10435496047911269
2025,04,Coquimbo,Coquimbo,10,Servicios de vivienda e inmobiliarios,spatial_rent,1041.9966245533,11403.960156125,0.09137147186485475
2025,05,Valparaiso,Valparaíso,03,Minería,resource_rent,2145.7333870744,24831.946787284,0.08641019592443683
2025,05,Valparaiso,Valparaíso,06,Construcción,construction,1528.7922892077,24831.946787284,0.06156554306046465
2025,05,Valparaiso,Valparaíso,10,Servicios de vivienda e inmobiliarios,spatial_rent,2850.1349796224,24831.946787284,0.11477694455603069
2025,06,OHiggins,O'Higgins,03,Minería,resource_rent,2574.8813370376,14689.846116071,0.1752830708158764
2025,06,OHiggins,O'Higgins,06,Construcción,construction,949.47859052362,14689.846116071,0.06463502633188721
2025,06,OHiggins,O'Higgins,10,Servicios de vivienda e inmobiliarios,spatial_rent,1246.206620537,14689.846116071,0.08483455923841325
2025,07,Maule,Maule,03,Minería,resource_rent,43.756854518043,12373.534423219,0.00353632624449915
2025,07,Maule,Maule,06,Construcción,construction,909.98572798189,12373.534423219,0.07354290996065742
2025,07,Maule,Maule,10,Servicios de vivienda e inmobiliarios,spatial_rent,1389.4124409315,12373.534423219,0.11228905124507194
2025,08,Biobio,Biobío,03,Minería,resource_rent,84.275121804633,19379.246169188,0.00434873065076319
2025,08,Biobio,Biobío,06,Construcción,construction,1365.8793750899,19379.246169188,0.07048155347041193
2025,08,Biobio,Biobío,10,Servicios de vivienda e inmobiliarios,spatial_rent,2021.3247508212,19379.246169188,0.10430357987995435
2025,09,Araucania,La Araucanía,03,Minería,resource_rent,33.2173196348,9203.4705793326,0.0036092166915156036
2025,09,Araucania,La Araucanía,06,Construcción,construction,781.07354015585,9203.4705793326,0.08486728277372192
2025,09,Araucania,La Araucanía,10,Servicios de vivienda e inmobiliarios,spatial_rent,1136.0584050221,9203.4705793326,0.12343804385850307
2025,10,Los_Lagos,Los Lagos,03,Minería,resource_rent,22.347680624885,11042.409614126,0.0020238047134473925
2025,10,Los_Lagos,Los Lagos,06,Construcción,construction,601.42837904357,11042.409614126,0.05446532052879046
2025,10,Los_Lagos,Los Lagos,10,Servicios de vivienda e inmobiliarios,spatial_rent,976.42124665844,11042.409614126,0.08842465374671063
2025,11,Aysen,Aysén,03,Minería,resource_rent,76.126924648595,1990.5843398972,0.038243506252302994
2025,11,Aysen,Aysén,06,Construcción,construction,102.53966774134,1990.5843398972,0.05151234523759765
2025,11,Aysen,Aysén,10,Servicios de vivienda e inmobiliarios,spatial_rent,133.4681805172,1990.5843398972,0.06704974908226834
2025,12,Magallanes,Magallanes,03,Minería,resource_rent,156.78638279181,3100.6722805553,0.050565286687998874
2025,12,Magallanes,Magallanes,06,Construcción,construction,264.37331088723,3100.6722805553,0.08526322260664172
2025,12,Magallanes,Magallanes,10,Servicios de vivienda e inmobiliarios,spatial_rent,268.05606214154,3100.6722805553,0.08645094930623684
2025,13,Metropolitana,Metropolitana de Santiago,03,Minería,resource_rent,1369.1808218207,128162.98879694,0.010683121817563217
2025,13,Metropolitana,Metropolitana de Santiago,06,Construcción,construction,6325.9994633227,128162.98879694,0.0493590195009071
2025,13,Metropolitana,Metropolitana de Santiago,10,Servicios de vivienda e inmobiliarios,spatial_rent,11592.07237178,128162.98879694,0.09044789358140164
2025,14,Los_Rios,Los Ríos,03,Minería,resource_rent,9.4843029374647,4269.9193065697,0.0022211902044312983
2025,14,Los_Rios,Los Ríos,06,Construcción,construction,274.63844045655,4269.9193065697,0.06431935142989496
2025,14,Los_Rios,Los Ríos,10,Servicios de vivienda e inmobiliarios,spatial_rent,429.83201817363,4269.9193065697,0.10066513845174785
2025,15,Arica_y_Parinacota,Arica y Parinacota,03,Minería,resource_rent,91.306196637467,2690.4228431032,0.03393748936957143
2025,15,Arica_y_Parinacota,Arica y Parinacota,06,Construcción,construction,377.88213589338,2690.4228431032,0.14045455228796727
2025,15,Arica_y_Parinacota,Arica y Parinacota,10,Servicios de vivienda e inmobiliarios,spatial_rent,269.84269708571,2690.4228431032,0.10029750445267062
2025,16,Nuble,Ñuble,03,Minería,resource_rent,18.614443526238,4692.9439763186,0.003966474694811971
2025,16,Nuble,Ñuble,06,Construcción,construction,373.95411574839,4692.9439763186,0.07968433410571842
2025,16,Nuble,Ñuble,10,Servicios de vivienda e inmobiliarios,spatial_rent,552.12464144688,4692.9439763186,0.11764995368216531
